network_id,network,name,operator,doi,start,end,n_stations,n_restricted,sensor_types,max_sample_rate,datacenters,source,min_lat,max_lat,min_lon,max_lon,access
12_2022,12,East Pacific Rise 9°50'N Seismicity,"UC San Diego, United States of America",https://doi.org/10.7914/wvsm-tq78,2022-01-22 17:04:18.000,2023-01-23 01:31:49.000000,3,0,pressure+seismometer,200.0,EarthScope,fdsn,9.82879,9.84388,-104.29892,-104.27936,open
1B_2010,1B,Gulf of Alaska Active Source Experiment,"Woods Hole Oceanographic Institution (WHOI), United States of America",,2011-06-16 00:00:00.000,2011-06-22 23:59:59.000000,14,0,pressure+seismometer,200.0,EarthScope,fdsn,53.735298,55.986401,-141.267303,-139.328705,open
1E_2015,1E,Crustal Magma Plumbing of the Santorini Volcanic System,"University of Oregon, United States of America",https://doi.org/10.7914/SN/1E_2015,2015-11-18 00:00:00.000,2015-12-10 23:59:59.000000,87,0,pressure+seismometer,200.0,EarthScope,fdsn,36.207539,36.653851,24.8701,25.917999,open
1L_2017,1L,Loki Castle Hydrothermal in-situ Experiments and Seismology Surveys,"University of Bergen (UiB Norway), Norway",https://doi.org/10.7914/SN/1L_2017,2017-06-09 00:00:00.000,2018-03-01 00:00:00.000000,6,0,pressure+seismometer,100.0,UIB-NORSAR,fdsn,73.5658,73.5671,8.1545,8.1649,open
1T_2018,1T,Temporal seismological network Mayotte,Parc national sismologique mobile (SisMob),https://doi.org/10.15778/resif.1t2018,2020-10-13 15:00:51.000,2021-04-12 12:09:34.000000,4,0,pressure,240.0,EPOSFR,fdsn,-13.3529,-12.49,45.3563,46.156,open
1V_2023,1V,Rift dynamics during the formation of the Carolina Trough and Blake Plateau,-,,2023-08-24 00:00:00.000,2023-09-14 23:59:59.000000,68,0,pressure+seismometer,200.0,EarthScope,fdsn,29.13674,32.738567,-79.1936,-74.421542,open
2A_2001,2A,"Gravity Lineations, Intraplate Melting, Petrologic and Seismic Expedition","Brown University, United States of America",,2001-12-01 01:00:00.000,2002-11-25 17:59:54.000000,18,0,pressure+seismometer,128.0,EarthScope,fdsn,-16.002001,-11.7336,-118.3703,-114.524902,open
2B_2010,2B,OBSIP: Bering Sea Active Source Experiment,"Woods Hole Oceanographic Institution (WHOI), United States of America",,2011-08-20 00:00:00.000,2011-08-29 23:59:59.000000,17,0,pressure+seismometer,200.0,EarthScope,fdsn,56.817699,57.647301,174.817307,178.132599,open
2D_2010,2D,Albacore,"UC San Diego, United States of America",,2010-08-15 08:00:00.000,2011-09-16 14:50:00.000000,35,0,pressure+seismometer,50.0,EarthScope,fdsn,32.6213,34.148499,-124.647202,-117.8181,open
2E_2012,2E,Southwest Indian Ridge Earthquakes and Hydrothermal Plumes,AWI Deutscher Geräte-Pool für amphibische Seismologie,https://doi.org/10.14470/7R7567193925,2012-12-05 09:58:00.000,2013-11-26 11:03:00.000000,8,0,pressure+seismometer,100.0,GEOFON,fdsn,-52.583,-52.0283,13.0628,13.8418,open
2F_2022,2F,Toward a deeper understanding of Caldera Dynamics and Eruption Cycles at Axial Seamount,"Woods Hole Oceanographic Institution (WHOI), United States of America",,2022-09-05 00:00:00.000,2024-10-16 23:59:59.000000,29,29,pressure+seismometer,200.0,EarthScope,fdsn,45.89913,46.01935,-130.062393,-129.93942,restricted
2P_2024,2P,Chain Transform Fault: Understanding the dynamic behavior of slow-slip ridge-transform systems,"Woods Hole Oceanographic Institution (WHOI), United States of America",,2024-11-25 12:01:00.000,2025-03-23 21:05:59.741800,18,18,pressure+seismometer,100.0,EarthScope,fdsn,-1.5896,-1.0818,-15.1999,-14.3458,restricted
2V_2016,2V,"Microseism source characterisation in the North East Atlantic, west of Ireland",Dublin Institute For Advanced Studies,https://doi.org/10.14470/7I253999,2016-01-16 09:15:00.000,2016-09-01 14:56:00.000000,10,9,pressure+seismometer,100.0,GEOFON,fdsn,54.6207,55.8386,-12.5184,-8.9573,open
3A_2023,3A,Observing 3D propagation at the Atlantis II Seamount Complex,"Woods Hole Oceanographic Institution (WHOI), United States of America",,2023-04-09 00:00:00.000,2023-06-19 23:59:59.000000,3,0,pressure+seismometer,200.0,EarthScope,fdsn,38.271333,38.713397,-63.549367,-62.89055,open
3B_2023,3B,"Seismic Hazard, Lithosphere Hydration, and Double-Verging Structure of the Puerto Rico Subduction Zone: A Seismic Reflection and Refraction Perspective",-,https://doi.org/10.7914/kz51-sc42,2023-11-22 00:00:00.000,2023-12-15 23:59:59.000000,51,0,pressure+seismometer,200.0,EarthScope,fdsn,17.003934,20.911235,-66.506722,-63.89344,open
3F_2020,3F,Macquarie Ridge,"Australian National University (ANU), Australia",https://doi.org/10.7914/SN/3F_2020,2020-10-16 02:28:59.980,2021-11-26 03:57:00.000000,16,16,pressure+seismometer,100.0,AusPass,fdsn,-55.3335,-54.0875,158.1893,159.3706,restricted
3H_2023,3H,An Open Access Experiment to Seismically Image Galapagos Plume-Ridge Interaction,"Woods Hole Oceanographic Institution (WHOI), United States of America",https://doi.org/10.7914/21e7-nq54,2023-03-23 00:00:00.000,2024-07-04 23:59:59.000000,49,0,pressure+seismometer,100.0,EarthScope,fdsn,-2.4299,2.8879,-95.7405,-88.9369,open
3J_2011,3J,Deep OCean Test ARray DOCTAR (OBS part),"University of Potsdam (UP), Germany",,2011-06-29 09:24:00.000,2012-04-23 17:24:00.000000,12,0,pressure+seismometer,100.0,GEOFON,fdsn,38.03018,38.6702,-18.77677,-17.94013,open
3J_2023,3J,Interactions between the Tonga-Lau subduction system and the Samoan plume,"Woods Hole Oceanographic Institution (WHOI), United States of America",,2023-11-23 03:27:00.000,2025-08-12 20:36:59.953400,27,27,pressure+seismometer,50.0,EarthScope,fdsn,-16.28387,-12.4025,-176.94874,-167.21641,restricted
3S_2018,3S,Archimedes,GEOMAR equipment,https://doi.org/10.14470/8F7563441145,2018-12-13 20:53:00.000,2019-01-21 06:58:00.000000,5,0,pressure+seismometer,250.0,GEOFON,fdsn,-17.3845167,-17.2703,-174.6116667,-174.50415,open
3S_2023,3S,Jotul Vent Field Seismic Network (Knipovich Ridge),"Alfred Wegener Institute (AWI), Germany",https://doi.org/10.14470/8F394700,2023-07-28 00:00:00.000,2024-08-25 00:00:00.000000,15,15,pressure+seismometer,250.0,GEOFON,fdsn,77.2508,77.6632,6.41987,8.19281,restricted
4E_2010,4E,MARS/Testing of cabled broadband OBS using MARS test facility,"University of California, San Diego (UCSD), United States of America",https://doi.org/10.7914/SN/4E_2010,2010-04-03 00:00:00.000,2011-10-26 23:59:59.000000,1,0,seismometer,200.0,EarthScope,fdsn,36.712898,36.712898,-122.187202,-122.187202,open
4G_2007,4G,EMSO-Azores,Parc sismomètre fond de mer (INSU/IPGP),https://doi.org/10.15778/RESIF.4G2007,2007-07-20 21:00:00.000,2010-10-12 17:15:58.000000,18,0,pressure+seismometer,62.5,EPOSFR,fdsn,37.2563,37.4827,-32.3337,-29.0074,open
4L_2014,4L,IMAGE Reykjanes,"Deutsches GeoForschungsZentrum GFZ (GFZ Potsdam), Germany",https://doi.org/10.14470/9Y7569325908,2014-05-26 00:00:00.000,2015-08-29 00:00:00.000000,21,0,seismometer,100.0,GEOFON,fdsn,63.48008,64.0982,-23.80373,-22.01142,open
4N_2017,4N,China-Western Australia Seismic array,"Geological Survey of Western Australia (GSWA), Australia",https://doi.org/10.7914/SN/4N_2017,2017-09-08 23:00:54.000,2018-06-18 09:47:07.990000,8,0,pressure+seismometer,100.0,AusPass,fdsn,-18.084148,-15.479385,118.771692,120.401883,open
4U_2022,4U,São Jorge OBS Network,"University College London (UCL), United Kingdom",https://doi.org/10.7914/d5w4-v395,2022-08-26 12:43:00.000,2023-01-30 12:46:00.000000,6,0,pressure+seismometer,250.0,EarthScope,fdsn,38.57836,38.81016,-28.49212,-27.60883,open
4V_2022,4V,Aurora Vent Field Gakkel Ridge,"Alfred Wegener Institute (AWI), Germany",https://doi.org/10.14470/9I763612,2022-07-24 13:33:51.000,2023-07-23 11:41:40.000000,8,8,pressure+seismometer,100.0,GEOFON,fdsn,82.835,82.9694,-6.7412,-5.7545,restricted
5F_2018,5F,INTAROS temporary Ocean Bottom Seismometers (OBS) on northern Mid Atlantic Ridge,"University of Bergen, Inst of Geophysics (UiB), Norway",https://doi.org/10.7914/SN/5F_2018,2018-07-19 00:00:00.000,2019-12-31 00:00:00.000000,3,0,pressure+seismometer,100.0,UIB-NORSAR,fdsn,76.8812,79.0993,1.3888,5.526,open
5W_2023,5W,SUBMERSE Svalbard OBS deployment,"University of Bergen (UiB Norway), Norway",https://doi.org/10.7914/12vn-4z72,2023-10-17 00:00:00.000,2024-08-29 00:00:00.000000,2,0,seismometer,100.0,UIB-NORSAR,fdsn,78.98696,78.98886,11.59232,11.64012,open
6A_2010,6A,Walvis Ridge Passive Source Seismic Experiment,"GEOFON Program (GFZ-Potsdam, Germany), Germany",https://doi.org/10.14470/1N134371,2011-01-03 00:00:00.000,2012-01-12 00:00:00.000000,12,0,pressure+seismometer,100.0,GEOFON,fdsn,-21.7995,-17.7497,8.0,11.6562,open
7A_2010,7A,Cascadia- Keck,"Woods Hole Oceanographic Institution (WHOI), United States of America",,2010-07-13 00:00:00.000,2011-06-28 23:59:59.000000,10,0,accelerometer+pressure+seismometer,50.0,EarthScope,fdsn,48.0797,48.787899,-127.013397,-126.064697,open
7B_2019,7B,PacificORCA,"Woods Hole Oceanographic Institution (WHOI), United States of America",https://doi.org/10.7914/SN/7B_2019,2019-11-16 07:35:00.000,2020-12-02 07:40:00.000000,30,0,pressure+seismometer,50.0,EarthScope,fdsn,-37.25464,-31.70961,-158.09491,-151.77364,open
7D_2011,7D,Cascadia Initiative Community Experiment - OBS Component,"IRIS HQ, United States of America",https://doi.org/10.7914/SN/7D_2011,2011-07-25 18:08:00.000,2015-10-10 10:53:58.000000,259,0,accelerometer+pressure+seismometer,125.0,EarthScope,fdsn,39.999901,49.150398,-130.651306,-124.333298,open
7K_2018,7K,AtlanticNoise,"Woods Hole Oceanographic Institution (WHOI), United States of America",https://doi.org/10.7914/SN/7K_2018,2018-11-30 00:00:00.000,2019-09-02 23:59:59.000000,6,0,pressure+seismometer,100.0,EarthScope,fdsn,40.3154,40.335108,-66.986078,-66.968907,open
7M_2019,7M,Storfjorden,"University of Bergen (UiB Norway), Norway",https://doi.org/10.7914/bdn3-0a63,2019-08-20 00:00:00.000,2020-06-25 00:00:00.000000,3,0,pressure+seismometer,100.0,UIB-NORSAR,fdsn,77.047,77.5982,17.6763,19.1677,open
7S_2024,7S,Mendocino Rapid Response,"Woods Hole Oceanographic Institution (WHOI), United States of America",,2024-12-15 00:00:00.000,2025-01-30 23:59:59.000000,8,8,accelerometer+pressure,1000.0,EarthScope,fdsn,40.32771,40.64705,-125.21956,-124.65807,restricted
7Y_2021,7Y,Horda platform OBS deployment,"University of Bergen, Inst of Geophysics (UiB), Norway",https://doi.org/10.7914/e9zy-sc24,2021-10-04 00:00:00.000,2022-09-21 00:00:00.000000,3,0,pressure+seismometer,100.0,UIB-NORSAR,fdsn,60.2952,60.6865,3.5845,3.8917,open
8A_2019,8A,Gofar_Transfrom_Fault,"Woods Hole Oceanographic Institution (WHOI), United States of America",https://doi.org/10.7914/SN/8A_2019,2019-11-25 00:00:00.000,2022-06-29 17:10:02.274200,94,0,accelerometer+pressure+seismometer,100.0,EarthScope,fdsn,-4.67275,-4.443512,-106.016952,-104.700937,open
8F_2014,8F,"Hikurangi Ocean Bottom Investigation of Tremor and Slow Slip, LBPR and TXBP data","University of Texas at Austin, United States of America",https://doi.org/10.7914/SN/8F_2014,2014-05-09 00:02:02.000,2015-06-29 02:15:25.000000,17,0,pressure,100.0,EarthScope,fdsn,-39.008099,-38.5755,178.170395,178.997299,open
8F_2018,8F,Gakkel Deep,AWI Deutscher Geräte-Pool für amphibische Seismologie,https://doi.org/10.14470/3S7563492742,2018-09-15 04:55:00.000,2019-09-27 22:40:00.000000,4,0,pressure+seismometer,250.0,GEOFON,fdsn,81.95603,82.06925,119.28717,119.77085,open
8J_2021,8J,UPFLOW,"Instituto Português do Mar e da Atmosfera, I.P. (IPMA), Portugal; University College London (UCL), United Kingdom",https://doi.org/10.14470/3W055238,2021-01-01 00:00:00.000,2022-12-31 00:00:00.000000,49,49,accelerometer+pressure+seismometer,250.0,GEOFON,fdsn,30.699,40.591,-32.782,-14.301,restricted
8M_2019,8M,Loki Castle,-,https://doi.org/10.14470/3Z326135,2019-06-26 07:00:10.000,2020-07-09 03:05:27.000000,8,0,pressure+seismometer,250.0,GEOFON,fdsn,73.5352,73.6213,7.8522,8.3027,open
8Q_2021,8Q,Mapping and Understanding Seismic Anisotropy in the Northeast Pacific Ocean,"Woods Hole Oceanographic Institution (WHOI), United States of America",https://doi.org/10.7914/zq61-bg92,2021-11-09 23:23:00.000,2023-02-07 01:48:00.000000,24,0,pressure+seismometer,50.0,EarthScope,fdsn,25.762145,29.966537,-144.689908,-137.94284,open
9A_2010,9A,Loihi Seismicity,"Woods Hole Oceanographic Institution (WHOI), United States of America",https://doi.org/10.7914/4sjz-qk50,2010-09-15 00:00:00.000,2011-08-02 23:59:59.000000,12,0,pressure+seismometer,100.0,EarthScope,fdsn,18.752899,19.024799,-155.362701,-155.161896,open
9C_2007,9C,"IPY Project ""Continental Margin""",AWI Deutscher Geräte-Pool für amphibische Seismologie,https://doi.org/10.14470/4P044426,2007-09-19 11:27:46.000,2008-08-19 11:47:33.000000,10,0,pressure+seismometer,50.0,GEOFON,fdsn,72.8503,75.5438,6.1392,15.851,open
9H_2007,9H,Integrated observations from NEAR shore sourcES of Tsunamis: towards an early warning system,-,https://doi.org/10.14470/4U972300,2007-08-29 14:02:56.000,2008-08-11 14:09:54.000000,23,0,pressure+seismometer,100.0,GEOFON,fdsn,35.117,37.1,-11.448,-8.251,open
9P_2015,9P,Horizontal Pressure Gradient Test Deployments,"Lamont Doherty Earth Observatory, Columbia University (LDEO), United States of America",https://doi.org/10.7914/h0yq-1b02,2015-10-12 10:00:00.000,2018-09-05 22:43:36.740000,2,0,pressure+seismometer,100.0,EarthScope,fdsn,40.5,43.085,-124.539,-71.3,open
9R_2022,9R,Investigating the Detachment Fault Cycle at the Mid-Cayman Spreading Center,"Woods Hole Oceanographic Institution (WHOI), United States of America",,2022-12-05 22:42:00.000,2023-06-26 21:06:59.904700,36,0,pressure+seismometer,100.0,EarthScope,fdsn,18.24238,18.51072,-81.81344,-81.68364,open
AU,AU,Australian National Seismograph Network,"Geoscience Australia (GA), Australia",https://doi.org/10.26186/144675,2001-08-28 00:00:00.000,,3,0,pressure,250.0,EarthScope,fdsn,-34.897079,-34.880932,114.134033,114.1539,open
BBOBS,BBOBS,Seafloor Broadband OBS Networks,,,1999-08-20 01:01:41.000,2005-06-07 08:40:26.000000,37,0,seismometer,200.0,curated/jamstec.csv,curated,-30.6936,41.1291,-152.2185,159.9442,on_request
BK,BK,Berkeley Digital Seismograph Network,"University of California, Berkeley (UCB), United States of America",https://doi.org/10.7932/BDSN,1997-06-07 00:00:00.000,2016-08-03 19:29:00.000000,4,0,pressure+seismometer,500.0,NCEDC,fdsn,36.690651,37.935749,-122.44648,-122.166031,open
CA,CA,Catalan Seismic Network,"Institut Cartogràfic i Geològic de Catalunya (ICGC), Spain",https://doi.org/10.7914/SN/CA,2005-08-13 00:00:00.000,,1,0,pressure+seismometer,100.0,ICGC,fdsn,40.7141,40.7141,1.3573,1.3573,open
CE,CE,California Strong Motion Instrumentation Program,"California Geological Survey (CGS), United States of America",https://doi.org/10.7914/b34q-bb70,2001-07-18 00:00:00.000,2018-04-11 00:00:00.000000,2,0,accelerometer,200.0,NCEDC,fdsn,34.1794,34.6117,-120.731,-119.4696,no_data
CQ,CQ,Cyprus Broadband Seismological Network,"Geological Survey Department Cyprus, Cyprus",https://doi.org/10.7914/SN/CQ,2014-01-16 00:00:00.000,,2,0,accelerometer+seismometer,100.0,NOA,fdsn,33.0749,33.5,31.2768,32.2669,open
FR,FR,RESIF and other broad-band and accelerometric permanent networks in metropolitan France,Réseau large-bande permanent (RLBP),https://doi.org/10.15778/RESIF.FR,2010-10-10 00:00:00.000,2024-02-04 19:48:00.000000,2,0,accelerometer+pressure+seismometer,100.0,EPOSFR,fdsn,42.79483,43.398667,6.1635,7.863,open
GL,GL,Guadeloupe Seismic and Volcano Observatory Network,Institut de physique du globe de Paris (IPGP); Observatoire volcanologique et sismologique de Guadeloupe (OVSG),https://doi.org/10.18715/guadeloupe.gl,2021-06-01 00:00:00.000,,1,0,seismometer,200.0,EPOSFR,fdsn,15.81638,15.81638,-61.63444,-61.63444,no_data
H2,H2,Hawaii 2 Observatory,"University of Hawaii (UH), United States of America",,1999-10-05 00:00:00.200,2003-05-27 00:00:00.000000,1,0,pressure+seismometer,160.0,EarthScope,fdsn,27.88191,27.88191,-141.991736,-141.991736,open
HL,HL,Hellenic Unified Seismological Network,"National Observatory of Athens, Institute of Geodynamics, Athens, Greece",https://doi.org/10.7914/SN/HL,2017-12-11 16:00:00.000,2019-11-12 08:00:00.000000,1,0,seismometer,100.0,NOA,fdsn,36.834743,36.834743,21.605813,21.605813,no_data
IM,IM,International Miscellaneous Stations,"Various Institutions, Multiple Countries",https://doi.org/10.7914/vefq-vh75,2001-08-28 00:00:00.000,,37,0,pressure+seismometer,250.0,EarthScope,fdsn,-34.897099,34.34664,-14.6629,166.909988,open
IV,IV,Italian National Seismic Network,"Istituto Nazionale di Geofisica e Vulcanologia (INGV), Italy",https://doi.org/10.13127/sd/x0fxnh7qfy,2016-07-01 00:00:00.000,,4,0,pressure+seismometer,200.0,INGV,fdsn,40.803522,42.2364,14.120211,14.9315,open
K3,K3,KM3NeT Seismic Network (K3SN),"INGV Sezione di Palermo (INGV-PA), Italy",https://doi.org/10.7914/86vd-f763,2025-03-01 00:00:00.000,,1,0,seismometer,100.0,INGV,fdsn,36.28737,36.28737,15.97149,15.97149,open
KP,KP,Korea Polar Observation Network,"Korea Polar Research Institute (KOPRI), Korea, South",https://doi.org/10.7914/SN/KP,2014-12-29 00:00:00.000,2015-12-11 23:59:59.000000,1,0,pressure+seismometer,100.0,EarthScope,fdsn,-77.693298,-77.693298,178.343597,178.343597,open
NOMan,NOMan,NOMan Project (Normal Oceanic Mantle Project),,,2010-06-15 00:00:00.000,2014-09-27 00:00:00.000000,33,0,seismometer,100.0,curated/jamstec.csv,curated,29.1505,41.0205,153.3547,165.4445,on_request
NV,NV,NEPTUNE,"Ocean Networks Canada (ONC), Canada",https://doi.org/10.7914/SN/NV,2009-09-07 00:00:00.000,,13,0,accelerometer+pressure+seismometer,500.0,EarthScope,fdsn,47.756717,48.6999,-129.124481,-126.058199,open
OJP,OJP,Ontong Java Plateau Project,,https://doi.org/10.5918/jamstecr.26.54,2014-11-17 00:00:00.000,2016-09-30 00:00:00.000000,23,0,seismometer,100.0,curated/jamstec.csv,curated,-8.0121,8.0129,146.9911,174.9907,on_request
OO,OO,Ocean Observatories Initiative,"NSF Ocean Observatories Initiative (OOI), United States of America",https://doi.org/10.7914/SN/OO,2014-07-21 06:36:00.000,,18,0,accelerometer+pressure+seismometer,10000.0,EarthScope,fdsn,44.369407,45.955001,-130.014094,-124.305849,open
PG,PG,"Central Coast Seismic Network, PG&E","Pacific Gas and Electric (PG&E), United States of America",,2013-09-01 00:00:00.000,2014-04-02 00:00:00.000000,4,0,accelerometer+pressure+seismometer,200.0,NCEDC,fdsn,35.19099,35.270856,-120.960264,-120.87035,open
SSP,SSP,SSP (Stagnant Slab Project),,,2005-10-07 00:00:00.000,2008-11-18 00:00:00.000000,32,0,seismometer,200.0,curated/jamstec.csv,curated,19.6882,32.5243,127.018,150.6003,on_request
TIARES,TIARES,TIARES Project,,,2009-02-07 00:00:00.000,2010-07-01 00:00:00.000000,9,0,seismometer,100.0,curated/jamstec.csv,curated,-22.1694,-17.4999,-148.0487,-142.2938,on_request
WE,WE,Western Ionian Sea Network,"Istituto Nazionale di Geofisica e Vulcanologia (INGV), Italy",,2024-02-21 00:00:00.000,2025-05-05 00:00:00.000000,5,0,seismometer,100.0,INGV,fdsn,37.54848,37.608533,15.39893,15.548317,open
X1_2004,X1,"Development and Testing of a Deep-Water, Acoustically-Linked, Moored- Buoy Seafloor Observatory","Woods Hole Oceanographic Institution (WHOI), United States of America",,2004-05-16 00:00:00.000,2005-07-06 01:09:33.000000,1,0,pressure+seismometer,40.0,EarthScope,fdsn,49.311901,49.311901,-127.721001,-127.721001,open
X3_2013,X3,MARINER: Seismic Investigation of the Rainbow Hydrothermal Field,"University of Hawaii (UH), United States of America",https://doi.org/10.7914/SN/X3_2013,2013-04-16 05:52:00.000,2014-01-09 21:19:59.000000,56,0,pressure+seismometer,200.0,EarthScope,fdsn,35.982101,36.477402,-34.2104,-33.5653,open
X4_2022,X4,Guerrero Gap Active Source Experiment,"Woods Hole Oceanographic Institution (WHOI), United States of America",,2022-05-16 00:00:00.000,2022-06-09 23:59:59.000000,127,0,pressure+seismometer,200.0,EarthScope,fdsn,14.355955,17.116977,-104.41565,-99.2761,open
X6_2012,X6,Evolution and hydration of the Juan de Fuca crust and uppermost mantle,"Woods Hole Oceanographic Institution (WHOI), United States of America",https://doi.org/10.7914/SN/X6_2012,2012-06-07 00:00:00.000,2012-07-23 23:59:59.000000,83,0,pressure+seismometer,200.0,EarthScope,fdsn,44.061001,47.851799,-129.621094,-124.445396,open
X9_2012,X9,Plate Boundary Evolution and Physics at an Oceanic Transform Fault System,"Oregon State University (OSU), United States of America",https://doi.org/10.7914/SN/X9_2012,2012-09-18 00:00:00.000,2013-10-06 00:42:57.000000,54,0,pressure+seismometer,100.0,EarthScope,fdsn,42.7943,44.6772,-130.833206,-126.006798,open
XB_2008,XB,Costa Rica Active Source OBS Experiment,"Woods Hole Oceanographic Institution (WHOI), United States of America",,2008-02-16 00:00:00.000,2008-04-13 23:59:59.000000,22,0,pressure+seismometer,200.0,EarthScope,fdsn,8.7799,12.5604,-87.318199,-82.4506,open
XC_1995,XC,Cooperative Project on South Island New Zealand,IRIS/PASSCAL,https://doi.org/10.7914/SN/XC_1995,1996-02-14 01:53:43.000,1996-04-15 22:49:01.000000,1,0,seismometer,50.0,EarthScope,fdsn,-43.716702,-43.716702,173.540298,173.540298,no_data
XE_2018,XE,Pacific Array - Young ORCA,"IRIS HQ, United States of America",https://doi.org/10.7914/1yaj-fm53,2018-04-16 07:31:00.000,2019-05-26 16:05:00.000000,30,0,pressure+seismometer,50.0,EarthScope,fdsn,-8.20435,-3.78521,-135.62722,-130.38143,open
XF_2012,XF,Mantle serpentinization and water cycling through the Mariana Trench and Forearc,"Washington University in St. Louis (WUSTL), United States of America",https://doi.org/10.7914/SN/XF_2012,2012-01-26 00:00:00.000,2013-02-10 04:33:43.000000,83,0,pressure+seismometer,200.0,EarthScope,fdsn,16.040501,18.6635,146.390396,149.979706,open
XI_2003,XI,TAG Hydrothermal Mound Passive Seismic Experiment,"Woods Hole Oceanographic Institution (WHOI), United States of America",,2003-06-25 00:00:00.000,2004-03-30 23:59:59.000000,29,0,pressure+seismometer,125.0,EarthScope,fdsn,25.953369,26.31929,-44.930389,-44.737492,open
XJ_2011,XJ,Gulf of Mexico Hydrates Research Consortium,"Woods Hole Oceanographic Institution (WHOI), United States of America",,2011-04-03 00:00:00.000,2011-04-08 23:59:59.000000,15,0,pressure+seismometer,200.0,EarthScope,fdsn,28.8468,28.867201,-88.491096,-88.4907,open
XM_1998,XM,Ocean Seismic Network Exp.,IRIS/PASSCAL,https://doi.org/10.7914/SN/XM_1998,1998-02-03 00:00:00.000,1998-06-14 23:59:59.000000,3,0,pressure+seismometer,20.0,EarthScope,fdsn,19.3424,19.3424,-159.093796,-159.093796,open
XO_2018,XO,AACSE: Alaska Amphibious Community seismic Experiment,"Cornell University, United States of America",https://doi.org/10.7914/SN/XO_2018,2018-05-10 00:00:00.000,2019-10-22 23:59:59.000000,69,0,accelerometer+pressure+seismometer,125.0,EarthScope,fdsn,52.001077,57.8668,-161.3746,-149.066665,open
XP_2000,XP,A Broadband Seismic Investigation of Deep Continental Structure Across the East-West Antarctic Boundary,IRIS/PASSCAL,https://doi.org/10.7914/SN/XP_2000,2000-12-08 11:03:52.000,2003-12-31 23:59:59.000000,1,0,seismometer,40.0,EarthScope,fdsn,-77.034782,-77.034782,163.171188,163.171188,open
XS_2016,XS,Passive Imaging of the Lithosphere-Asthenosphere Boundary,"University of Southampton, United Kingdom",https://doi.org/10.7914/SN/XS_2016,2016-03-05 09:25:00.000,2017-03-25 10:01:56.000000,36,36,pressure+seismometer,100.0,EarthScope,fdsn,-2.4021,2.0557,-17.4085,-6.6228,restricted
XT_2003,XT,Crust-Mantle Interactions during Continental Growth and High-Pressure Rock Exhumation at an Oblique Arc-Continent Collision Zone: SE Caribbean Margin,"University of California, San Diego (UCSD), United States of America",https://doi.org/10.7914/SN/XT_2003,2004-03-16 10:31:30.000,2005-03-19 00:00:00.000000,119,0,pressure+seismometer,100.0,EarthScope,fdsn,10.5548,14.3304,-69.935997,-60.165001,open
XU_2005,XU,Deception Island Passive/Active Source,"University of Washington, United States of America",,2005-01-07 16:56:12.000,2005-02-22 05:46:05.000000,16,0,pressure+seismometer,125.0,EarthScope,fdsn,-63.306599,-62.762501,-60.882198,-60.193001,open
XW_2016,XW,Pisagua/Iquique Crustal Tomography to Understand the Region of the Earthquake Source - OBSIP OBS Component,"IRIS OBSIP (OBSIP), United States of America",https://doi.org/10.7914/SN/XW_2016,2016-10-23 19:11:00.000,2016-12-06 12:57:00.000000,51,0,pressure+seismometer,200.0,EarthScope,fdsn,-21.12392,-18.908386,-72.440041,-70.436417,open
XZ_2013,XZ,Gulf of Mexico USGS Hydrates,"USGS Woods Hole, United States of America",,2013-04-18 00:00:00.000,2013-05-02 23:59:59.000000,46,0,pressure+seismometer,200.0,EarthScope,fdsn,26.641899,27.0168,-91.719398,-90.419098,open
Y9_2020,Y9,Vestnesa Ridge,"Alfred Wegener Institute (AWI), Germany",https://doi.org/10.14470/L4326155,2020-08-22 15:38:43.000,2021-07-15 08:50:36.000000,8,0,pressure+seismometer,100.0,GEOFON,fdsn,78.6935,78.8846,6.4488,7.4742,open
YB_2009,YB,Batholiths Controlled Source,"Virginia Polytechnic Institute and State University (Virginia Tech), United States of America",https://doi.org/10.7914/SN/YB_2009,2009-07-17 05:59:00.000,2009-07-20 12:20:00.000000,1,0,seismometer,250.0,EarthScope,fdsn,52.18593,52.18593,-127.552534,-127.552534,no_data
YB_2016,YB,Evolution of Slow-Spreading Oceanic Crust: South Atlantic,"Texas A&M University, United States of America",https://doi.org/10.7914/SN/YB_2016,2016-01-16 00:00:00.000,2016-01-26 23:59:59.000000,35,0,pressure+seismometer,200.0,EarthScope,fdsn,-31.2115,-29.9398,-26.696501,-15.0159,open
YD_2003,YD,Calabria-Appennine-Tyrrhenian/Subduction-Collision-Accretion Network,IRIS/PASSCAL,https://doi.org/10.7914/SN/YD_2003,2004-10-07 01:00:00.000,2005-08-27 07:59:58.000000,4,0,pressure+seismometer,128.0,EarthScope,fdsn,38.968399,39.655998,14.4694,17.802401,open
YF_2005,YF,A new survey studies the Northeastern Caribbean plate: GEOPRICO-DO Project,"Woods Hole Oceanographic Institution (WHOI), United States of America",,2005-03-27 00:00:00.000,2005-11-05 23:59:59.000000,9,0,pressure+seismometer,100.0,EarthScope,fdsn,18.8794,20.3675,-65.526703,-63.896099,open
YH_2014,YH,Hikurangi Ocean Bottom Investigation of Tremor and Slow Slip,"University of Texas at Austin, United States of America",https://doi.org/10.7914/SN/YH_2014,2014-05-11 03:47:00.000,2015-06-26 04:16:00.000000,15,0,pressure+seismometer,200.0,EarthScope,fdsn,-39.133301,-38.592098,178.313202,179.147293,open
YI_2007,YI,GEOPRICO2,"Woods Hole Oceanographic Institution (WHOI), United States of America",,2007-03-09 00:00:00.000,2007-09-05 23:59:59.000000,5,0,pressure+seismometer,100.0,EarthScope,fdsn,19.2362,20.396299,-65.371803,-63.517601,open
YI_2020,YI,Queen Charlotte Fault Offshore Seismic Experiment,"Woods Hole Oceanographic Institution (WHOI), United States of America",https://doi.org/10.7914/SN/YI_2020,2021-07-19 00:00:00.000,2022-09-19 23:59:59.000000,148,0,pressure+seismometer,200.0,EarthScope,fdsn,52.35865,56.29332,-135.82404,-131.55482,open
YL_2009,YL,Lau Basin OBS Experiment,"Woods Hole Oceanographic Institution (WHOI), United States of America",,2009-01-22 00:00:00.000,2010-12-03 23:59:59.000000,89,0,pressure+seismometer,200.0,EarthScope,fdsn,-21.951799,-18.4034,-178.155304,-173.913193,open
YM_2006,YM,Taiwan Supplement #2 to TAIGER project,IRIS/PASSCAL,https://doi.org/10.7914/SN/YM_2006,2007-11-13 19:11:30.000,2009-06-30 23:59:59.000000,21,0,pressure+seismometer,40.0,EarthScope,fdsn,21.599701,24.3216,119.495399,122.706596,open
YM_2020,YM,Andreanoff Active-Source OBS Experiment,"Woods Hole Oceanographic Institution (WHOI), United States of America",https://doi.org/10.7914/SN/YM_2020,2020-09-05 00:00:00.000,2020-09-21 23:59:59.000000,47,0,pressure+seismometer,200.0,EarthScope,fdsn,51.135605,53.236433,-178.896225,-172.463255,open
YN_2009,YN,ETMO: Endeavour Seismic Tomography Experiment,"University of Oregon, United States of America",https://doi.org/10.7914/SN/YN_2009,2009-08-22 00:00:00.000,2009-09-16 23:59:59.000000,64,0,pressure+seismometer,200.0,EarthScope,fdsn,47.555302,48.432899,-129.440308,-128.708099,open
YO_2014,YO,Eastern North American Margin Community Seismic Experiment,"University of Texas at Austin, United States of America",https://doi.org/10.7914/SN/YO_2014,2014-04-02 00:00:00.000,2015-04-06 23:59:59.000000,122,0,pressure+seismometer,200.0,EarthScope,fdsn,32.516899,36.452599,-76.464203,-71.527496,open
YR_2021,YR,"An Open-Access, OBS Controlled-Source Seismic Dataset Across the Cascadia Accretionary Wedge From Multi-Scale Regional OBS and Focus","Woods Hole Oceanographic Institution (WHOI), United States of America",https://doi.org/10.7914/SN/YR_2021,2021-05-24 00:00:00.000,2021-07-10 23:59:59.000000,120,0,pressure+seismometer,200.0,EarthScope,fdsn,42.18809,49.91401,-128.45673,-124.19561,open
YS_2004,YS,Plume Lithosphere Undersea Melt Experiment,"Woods Hole Oceanographic Institution (WHOI), United States of America",,2005-01-05 00:00:00.000,2007-12-14 23:59:59.000000,62,0,pressure+seismometer,40.0,EarthScope,fdsn,14.6596,26.776699,-162.025604,-149.0009,open
YV_2011,YV,RUM-RHUM,Parc national sismologique mobile (SisMob),https://doi.org/10.15778/RESIF.YV2011,2012-09-29 10:44:16.000,2013-11-25 05:17:31.000000,57,0,pressure+seismometer,100.0,EPOSFR,fdsn,-33.7018,-16.8976,48.1394,70.0222,open
YY_2003,YY,Mariana Subdction Factory Experiment,"Washington University in St. Louis (WUSTL), United States of America",,2003-06-12 01:00:00.000,2004-05-12 02:00:02.000000,40,0,pressure+seismometer,128.0,EarthScope,fdsn,16.083401,19.599899,143.196396,148.497894,open
Z3_2015,Z3,AlpArray,GEOMAR - FB4/GDY,https://doi.org/10.12686/alparray/z3_2015,2017-05-27 00:00:00.000,2018-04-25 11:58:52.000000,24,0,pressure+seismometer,250.0,"EPOSFR, GEOFON",fdsn,41.647583,43.850317,4.744833,9.229867,open
Z4_2012,Z4,Chilean 2010 post-seismic response,"Oregon State University (OSU), United States of America",,2012-05-05 20:50:00.000,2013-03-18 20:55:00.000000,9,0,pressure+seismometer,125.0,EarthScope,fdsn,-34.7537,-34.5457,-73.293198,-72.932297,open
Z5_2013,Z5,"Seismicity, Structure and Dynamics of the Gorda Deformation Zone","Oregon State University (OSU), United States of America",https://doi.org/10.7914/SN/Z5_2013,2013-09-24 06:36:00.000,2015-10-28 22:29:00.000000,64,0,pressure+seismometer,125.0,EarthScope,fdsn,39.879601,44.672401,-130.6577,-124.689903,open
Z6_2004,Z6,Meramex,"GEOFON Program (GFZ-Potsdam, Germany), Germany",,2004-05-02 00:00:00.000,2004-10-03 00:00:00.000000,14,0,seismometer,50.0,GEOFON,fdsn,-9.8535,-8.4935,109.4506,111.3758,open
Z6_2009,Z6,Forsyth Deployment near the South Shatsky Fracture Zone,"UC San Diego, United States of America",,2009-10-19 20:50:00.000,2010-11-01 22:56:37.000000,11,0,pressure+seismometer,50.0,EarthScope,fdsn,27.441799,29.7521,149.092804,155.244003,open
Z6_2018,Z6,"OBS survey of Kilauea's submarine south flank following the May 4, 2018 M6.9 earthquake and Lower East Rift Zone eruption","Scripps Institution of Oceanography (SIO), United States of America",https://doi.org/10.7914/SN/Z6_2018,2018-07-09 22:23:00.000,2018-09-16 21:06:00.820000,10,0,pressure+seismometer,200.0,EarthScope,fdsn,19.1202,19.53,-155.3389,-154.7067,open
ZA_2011,ZA,NoMelt,"Woods Hole Oceanographic Institution (WHOI), United States of America",,2011-11-30 00:00:00.000,2013-01-07 23:59:59.000000,49,0,pressure+seismometer,200.0,EarthScope,fdsn,7.1643,11.0639,-147.9991,-142.660507,open
ZD_2007,ZD,Seismcity of Quebrada-Discovery-gofur- Transforms ( QDG),"Woods Hole Oceanographic Institution (WHOI), United States of America",,2007-12-23 00:00:00.000,2009-01-26 23:59:59.000000,52,0,accelerometer+pressure+seismometer,200.0,EarthScope,fdsn,-4.9844,-3.3555,-106.260498,-102.714302,open
ZF_2011,ZF,Alaska Langseth Experiment to Understand the megaThrust,"Lamont Doherty Earth Observatory, Columbia University (LDEO), United States of America",https://doi.org/10.7914/SN/ZF_2011,2011-07-02 07:16:00.000,2011-07-12 03:40:00.000000,42,0,pressure+seismometer,200.0,EarthScope,fdsn,52.63435,56.200878,-160.735321,-155.506287,open
ZL_2005,ZL,Sea of Cortez Ocean Bottom Array,"Scripps Institution of Oceanography (SIO), United States of America",,2005-10-16 14:43:00.000,2006-10-10 08:47:57.000000,9,0,pressure+seismometer,31.25,EarthScope,fdsn,23.347799,27.457899,-111.6129,-108.094299,open
ZL_2010,ZL,Shatsky Rise Active Source Experiment OBSIP,"Woods Hole Oceanographic Institution (WHOI), United States of America",,2010-07-26 00:00:00.000,2010-09-02 23:59:59.000000,28,0,pressure+seismometer,200.0,EarthScope,fdsn,31.995399,33.629501,156.598007,160.351196,open
ZM_2001,ZM,"Southeast Indian Ridge, EW-0114","Lamont Doherty Earth Observatory, Columbia University (LDEO), United States of America",,2001-12-12 00:00:00.000,2002-01-18 23:59:59.000000,24,0,pressure,200.0,EarthScope,fdsn,-50.021599,-47.233299,100.319504,115.254303,open
ZM_2005,ZM,"Seismicity of the Atlantis Massif, Mid Atlantic Ridge","Woods Hole Oceanographic Institution (WHOI), United States of America",,2005-06-05 00:00:00.000,2006-03-24 23:59:59.000000,5,0,pressure+seismometer,100.0,EarthScope,fdsn,30.0511,30.191401,-42.125099,-41.976601,open
ZN_2010,ZN,Papua Peninsula-Woodlark Rift Imaging Experiment,"Lamont Doherty Earth Observatory, Columbia University (LDEO), United States of America",https://doi.org/10.7914/SN/ZN_2010,2010-03-02 02:59:00.000,2011-01-28 01:03:00.000000,8,0,pressure+seismometer,50.0,EarthScope,fdsn,-10.0805,-8.8702,149.666794,150.707001,open
ZS_2012,ZS,Seismicity of East Coast Submarine Landslides,"Woods Hole Oceanographic Institution (WHOI), United States of America",https://doi.org/10.7914/SN/ZS_2012,2012-07-06 00:00:00.000,2013-11-22 23:59:59.000000,16,0,pressure+seismometer,100.0,EarthScope,fdsn,39.379101,39.870098,-71.982002,-70.426804,open
ZT_2003,ZT,"Testing of a Deep-Water, Acoustically-Linked, Moored- Buoy Seafloor Observatory","IRIS HQ, United States of America",,2003-11-19 00:00:00.000,2004-01-19 23:59:59.000000,1,0,pressure+seismometer,40.0,EarthScope,fdsn,39.272598,39.272598,-70.055199,-70.055199,open
ZU_2002,ZU,"Shear Wave Studies of Hydrate Ridge, Oregon Continental Margin","University of Texas at Austin, United States of America",,2002-08-16 00:00:00.000,2002-08-30 23:59:59.000000,12,0,pressure+seismometer,200.0,EarthScope,fdsn,44.568298,44.570301,-125.150398,-125.069298,open
ZU_2009,ZU,Marine Observations of Anisotropy near Aotearoa,"Woods Hole Oceanographic Institution (WHOI), United States of America",https://doi.org/10.7914/SN/ZU_2009,2009-01-31 00:00:00.000,2010-02-14 23:59:59.000000,29,0,pressure+seismometer,50.0,EarthScope,fdsn,-46.997898,-39.5005,165.001602,176.002594,open
ZU_2018,ZU,"Seismic imaging of volcano construction, underplating and flexure along the Hawaiian-Emperor Seamount Chain","IRIS OBSIP (OBSIP), United States of America",,2018-09-11 00:00:00.000,2019-05-27 23:59:59.000000,83,0,pressure+seismometer,200.0,EarthScope,fdsn,18.84335,46.525101,-159.12765,170.358902,open
ZV_2006,ZV,Monitoring of Augustine Volcano Eruption using Ocean Bottom Seismometers,"Woods Hole Oceanographic Institution (WHOI), United States of America",,2006-02-08 00:00:00.000,2006-03-27 23:59:59.000000,3,0,pressure+seismometer,100.0,EarthScope,fdsn,59.229698,59.368198,-153.546906,-153.263596,open
ZX_2019,ZX,Bransfield Strait,"University of Washington, United States of America",https://doi.org/10.14470/MK678861,2019-01-10 00:00:00.000,2020-02-20 23:59:59.000000,22,0,pressure+seismometer,200.0,"EarthScope, GEOFON",fdsn,-62.981,-62.1197,-59.4864,-57.3129,open
ZZ_2002,ZZ,CYCLADES,"GEOFON Program (GFZ-Potsdam, Germany), Germany",https://doi.org/10.14470/MM7557265463,2003-07-17 00:00:00.000,2005-03-26 00:00:00.000000,24,0,seismometer,125.0,GEOFON,fdsn,33.7,36.7304,25.0989,26.792,open
ZZ_2015,ZZ,USGS Puerto Rico Trence,"Woods Hole Oceanographic Institution (WHOI), United States of America",https://doi.org/10.7914/SN/ZZ_2015,2015-05-13 00:00:00.000,2016-06-02 23:59:59.000000,6,0,pressure+seismometer,100.0,EarthScope,fdsn,18.952299,19.461901,-68.292297,-64.1353,open
